name,usermail,address,user_fullname,city,state,zip,tel,dob,user_additional_info
data_pdf.pdf,lavette_daugherty@smitham-cremin.name,Apt. 682 12321 Alethea Ville,data_pdf.pdf,Gusikowskiville,NH,47241-6623,383-549-5919,1987-02-21,nationality:Catalans
data_pdf.pdf,bernardina.cronin@kihn.name,Apt. 625 92111 Van Rapids,data_pdf.pdf,Pourosmouth,DE,98636,457-576-4858,1980-06-04,nationality:Bulgarians
data_pdf.pdf,ricki@zemlak.info,Apt. 945 306 Cummerata Causeway,data_pdf.pdf,Serafinaberg,HI,25124,779-620-5697,1993-11-21,nationality:Cambodians
data_pdf.pdf,maranda@hettinger.co,947 Stuart Union,data_pdf.pdf,Lowetown,FL,53431,501-517-7137,1985-08-04,nationality:Guianese (French)
data_pdf.pdf,olen.zboncak@ernser-kuhn.io,943 Schaefer Harbors,data_pdf.pdf,Jaskolskiton,NJ,82803,468-957-6592,1972-06-07,nationality:Kuwaitis
data_pdf.pdf,bradley@jacobs.com,4774 Abernathy Center,data_pdf.pdf,Klockomouth,CO,76261-3590,750-011-2404,1988-12-04,nationality:Australians
data_pdf.pdf,chung.pacocha@hartmann.io,5231 Jacobi Haven,data_pdf.pdf,Luettgenmouth,WV,59075-8803,509-170-5792,1981-10-02,nationality:Turks
data_pdf.pdf,rueben.kuhic@schultz-lehner.info,Apt. 472 42908 Jamel Corner,data_pdf.pdf,Kreigerburgh,AL,86995-0230,203-194-2923,1979-06-19,nationality:Syrians
data_pdf.pdf,omer.batz@schaefer-corkery.biz,Suite 980 76908 Marvin Mountain,data_pdf.pdf,Port Andersonbury,PA,79319,1-419-663-4087,1996-12-14,nationality:Georgians
data_pdf.pdf,lavone@olson-bechtelar.info,46549 Isaura Stravenue,data_pdf.pdf,Lake Ramiro,TX,46609-2040,770-401-1627,1978-02-22,nationality:Mongolians
data_pdf.pdf,connie@padberg-osinski.co,420 Jefferson Mills,data_pdf.pdf,Wolffhaven,CT,42612,643-287-7340,1994-02-04,nationality:Liberians
data_pdf.pdf,chadwick.hermann@barton.co,Apt. 127 12136 Lynch Locks,data_pdf.pdf,Reneemouth,OK,50555-3109,446-138-2603,1988-08-01,nationality:Americans
data_pdf.pdf,mario@ferry.net,97130 Eliseo Prairie,data_pdf.pdf,Effertzview,TX,88195-1585,935-351-5387,1987-03-17,nationality:Zambians
data_pdf.pdf,antonio@feil.org,Apt. 894 5928 Oren Plaza,data_pdf.pdf,Pierrehaven,SD,51727,776-179-9043,1991-10-31,nationality:Iraqis
data_pdf.pdf,sammy@ernser.info,Apt. 787 2778 Charles Islands,data_pdf.pdf,New Devora,MO,30425,653-603-1119,1978-11-08,nationality:Dominicans (Commonwealth)
data_pdf.pdf,chad@stehr.co,172 Kum Radial,data_pdf.pdf,West Troyside,RI,78182,1-329-668-5321,1975-03-02,nationality:Nepalese
data_pdf.pdf,connie@bradtke-bogisich.com,Suite 439 74031 Kub Trail,data_pdf.pdf,Lynchport,AK,17948,1-515-092-3776,1999-07-07,nationality:Grenadians
data_pdf.pdf,cedric.collins@robel-braun.net,Suite 197 47276 Stehr Rapids,data_pdf.pdf,West Dessie,WV,42195-7690,529-130-5774,1977-08-31,nationality:Taiwanese
data_pdf.pdf,bruce_kozey@schuster.net,Apt. 155 71261 Rogahn Lodge,data_pdf.pdf,Augustineland,ME,11314,336-427-7819,1989-10-28,nationality:Canadians
data_pdf.pdf,carlita@carroll.co,Apt. 548 261 Feest Track,data_pdf.pdf,Mathildaborough,LA,30400-7587,1-674-556-7609,1976-12-04,nationality:Congolese
data_pdf.pdf,richard.reichert@ortiz.info,Apt. 536 889 Gerhold Shores,data_pdf.pdf,Yostland,TN,78374,328-848-1775,1995-06-17,nationality:South Africans
data_pdf.pdf,theron.miller@becker.info,4628 Orn Square,data_pdf.pdf,Funkport,IA,66687,283-923-0007,1994-08-18,nationality:Norwegians
data_pdf.pdf,lachelle.tillman@daugherty-reichert.org,Apt. 703 95086 Stanton Stream,data_pdf.pdf,Harveyville,OR,37128-7384,186-121-4338,1983-06-03,nationality:Chileans
data_pdf.pdf,major.kemmer@kautzer.org,28481 Weimann Grove,data_pdf.pdf,West Humberto,MS,19393-1380,1-788-510-4102,1991-07-22,nationality:Ghanaians
data_pdf.pdf,marlana@heller-rempel.biz,67449 Crona Ways,data_pdf.pdf,Nakiaside,OR,05509,741-506-9140,1979-07-27,nationality:Yemenis
data_pdf.pdf,allen@waelchi.co,Suite 239 38370 Blick Ports,data_pdf.pdf,Schmidthaven,MN,45167-7242,418-393-3323,1993-01-01,nationality:Mongolians
data_pdf.pdf,bethany@west.biz,505 Bonny Dale,data_pdf.pdf,North Rozellaton,VT,28316,480-034-3247,1992-08-05,nationality:Liberians
data_pdf.pdf,sybil@oberbrunner.info,Suite 363 466 Sal Flat,data_pdf.pdf,Wardhaven,AL,35896-5161,1-246-891-3768,1973-05-01,nationality:St Lucians
data_pdf.pdf,tena.king@reilly.com,Suite 538 887 Stark Wall,data_pdf.pdf,Garfieldport,TN,34969,692-223-2570,1985-06-06,nationality:Andorrans
data_pdf.pdf,tynisha_deckow@stracke.co,157 Earle Forest,data_pdf.pdf,West Rochelview,KS,21866,499-019-9904,1977-02-10,nationality:Emiratis
data_pdf.pdf,burt_torp@schmitt.io,7899 Brittani Divide,data_pdf.pdf,Lake Delphine,IL,40462,715-030-7344,1994-11-30,nationality:Lebanese
data_pdf.pdf,ivey@ebert.io,48621 Leffler Parks,data_pdf.pdf,Natashamouth,MI,60395-0297,946-340-2388,1985-05-20,nationality:St Lucians
data_pdf.pdf,jannet_gorczany@satterfield.biz,5671 Weber Fall,data_pdf.pdf,Yundtmouth,NV,98037-2073,1-800-227-4078,1983-12-19,nationality:Maltese
data_pdf.pdf,chester_lindgren@prosacco-king.com,848 Jaskolski Extension,data_pdf.pdf,Port Idatown,MD,76292-2939,570-619-4185,1984-02-25,nationality:Finnish Swedish
data_pdf.pdf,kenya@sipes-donnelly.net,Apt. 459 4014 Schmitt Corner,data_pdf.pdf,Carrollborough,MN,60763-9420,131-482-9155,1994-07-19,nationality:East Timorese
data_pdf.pdf,merilyn@smitham.com,9427 Elwood Ports,data_pdf.pdf,Tremblayville,NH,59081,467-547-2866,1995-12-22,nationality:Hondurans
data_pdf.pdf,georgeanna@champlin-wiegand.io,Apt. 609 88054 Heidenreich Point,data_pdf.pdf,Russelberg,AZ,25623,1-345-243-6717,1972-12-02,nationality:Palestinians
data_pdf.pdf,moses.oberbrunner@kulas.io,Apt. 410 76653 Tenesha Wells,data_pdf.pdf,Schinnerhaven,RI,88493-7089,1-638-999-6128,1971-10-23,nationality:Baltic Germans
data_pdf.pdf,alejandro@tremblay.net,Apt. 674 38065 Tania Stravenue,data_pdf.pdf,Lake Woodrowbury,LA,52509-8656,295-326-7381,1981-07-07,nationality:Canadians
data_pdf.pdf,isaiah.beier@powlowski-ratke.io,Apt. 436 88388 Leonard Station,data_pdf.pdf,Forestport,UT,61794-4927,620-464-5150,1972-01-29,nationality:Baltic Germans
data_pdf.pdf,nam_mclaughlin@casper.co,870 Jacob Oval,data_pdf.pdf,Lake Modesta,VA,69597,136-245-1842,1999-05-01,nationality:Papua New Guineans
data_pdf.pdf,shemika_kuhic@abbott.info,Apt. 437 3780 Okuneva Forges,data_pdf.pdf,East Damon,IL,62101-1437,844-931-2254,1978-05-09,nationality:Ecuadorians
data_pdf.pdf,rhoda.barton@ruecker-okeefe.biz,Suite 807 65476 Cummerata Summit,data_pdf.pdf,Lake Kevenmouth,ND,44620-5007,312-937-4481,1980-11-27,nationality:Bretons
data_pdf.pdf,lise@lind-rodriguez.name,31244 Heidenreich Freeway,data_pdf.pdf,South Huong,NE,79635,162-540-1240,1978-01-21,nationality:Turks
data_pdf.pdf,martha@ratke.org,Apt. 661 87049 Frami Highway,data_pdf.pdf,Moorehaven,ND,59304-1809,639-707-2589,1980-07-15,nationality:Swedes
data_pdf.pdf,simone@gusikowski-bashirian.net,22518 Robby Ford,data_pdf.pdf,Littletown,OH,14289,863-780-6594,1998-11-24,nationality:English
data_pdf.pdf,jerome_schumm@jaskolski.io,893 Reichel Green,data_pdf.pdf,North Hugh,NC,98824-2276,840-744-4032,1975-02-08,nationality:Poles
data_pdf.pdf,newton.walker@mills-gerlach.net,567 Leida Loaf,data_pdf.pdf,Humbertohaven,GA,83616-8044,456-948-5417,1972-07-20,nationality:Indians
data_pdf.pdf,shae_parisian@hammes.com,42846 Darnell Pass,data_pdf.pdf,West Nathantown,DE,62918-7940,1-352-779-4939,1985-09-15,nationality:Lebanese
data_pdf.pdf,catherine_shanahan@kunze.net,89535 Jodee Trafficway,data_pdf.pdf,Mertieland,AL,54588-4244,1-878-143-5360,1991-02-28,nationality:Belizeans
data_pdf.pdf,stanley@mueller-schultz.biz,Suite 552 391 Rippin Neck,data_pdf.pdf,North Jaimee,NH,75811,130-715-4396,1971-12-27,nationality:Indians
data_pdf.pdf,darrel.pollich@mraz.net,455 Sudie Lock,data_pdf.pdf,Angelesview,NY,32082,813-562-6919,1975-10-09,nationality:Moroccans
data_pdf.pdf,robert.bailey@moore-wuckert.com,Apt. 298 73877 Lyndia Avenue,data_pdf.pdf,Port Chad,RI,43316-2768,1-702-459-1310,1989-08-05,nationality:Kazakhs
data_pdf.pdf,cletus@balistreri-wolf.com,79122 Kenya Meadows,data_pdf.pdf,New Teddystad,UT,38034-5332,665-187-7226,1988-01-05,nationality:Chadians
data_pdf.pdf,adrian.veum@swaniawski.co,653 Natasha Orchard,data_pdf.pdf,Siobhanland,ID,07231-0125,558-747-8594,1987-10-24,nationality:Zimbabweans
data_pdf.pdf,erick_pagac@langosh.io,Apt. 741 32348 Senger Village,data_pdf.pdf,Fredericmouth,TN,67096,377-615-0827,1975-03-24,nationality:Palauans
data_pdf.pdf,beulah.roberts@dietrich.info,Suite 554 87752 Rath Viaduct,data_pdf.pdf,Port Tyler,CT,89439,116-496-1779,1979-06-25,nationality:Aromanians
data_pdf.pdf,roman.boyer@wyman.name,Apt. 166 5791 Parisian Run,data_pdf.pdf,Lake Marla,MS,21637,231-498-7034,1990-01-28,nationality:Canadians
data_pdf.pdf,shenna@buckridge-hartmann.co,59750 Stehr Estates,data_pdf.pdf,Lake Lorene,MA,32216-0677,1-898-483-1743,1997-06-01,nationality:Russians
data_pdf.pdf,elden.keebler@runte.biz,Suite 411 6751 Schroeder Creek,data_pdf.pdf,Blickland,UT,27238,416-281-9648,1975-04-20,nationality:Nicaraguans
data_pdf.pdf,delora@paucek.info,58754 Streich Court,data_pdf.pdf,Stoltenbergshire,VA,52643-2847,1-209-538-8110,1988-10-26,nationality:Aromanians
data_pdf.pdf,cody@zulauf.biz,422 Romaguera Greens,data_pdf.pdf,Latashaberg,WA,84221,1-753-965-6430,1995-02-12,nationality:Zimbabweans
data_pdf.pdf,shelby.considine@spencer.net,14860 Conroy Corners,data_pdf.pdf,Port Von,VA,59664,815-874-5188,1972-10-01,nationality:Iraqis
data_pdf.pdf,jaquelyn@lueilwitz.com,Apt. 127 2444 Darrel Hollow,data_pdf.pdf,Efrainchester,IA,28035-8184,218-540-7078,1992-06-11,nationality:Swedes
data_pdf.pdf,elijah@mckenzie.io,649 Kunde Ramp,data_pdf.pdf,Araborough,NM,54105,274-453-2339,1974-10-28,nationality:Barbadians
data_pdf.pdf,otis@gusikowski-hintz.org,Apt. 283 3037 My Avenue,data_pdf.pdf,Reyesshire,IA,78428-1637,1-506-236-6341,1989-11-30,nationality:Arubans
data_pdf.pdf,alpha@botsford.net,Apt. 646 911 Kunde Prairie,data_pdf.pdf,Shanetown,OH,04774,727-926-2603,1989-12-21,nationality:Estonians
data_pdf.pdf,leopoldo_berge@borer.name,Apt. 899 43285 Harvey Prairie,data_pdf.pdf,Angelport,CA,59942-6253,433-488-5967,1972-08-23,nationality:Salvadorans
data_pdf.pdf,fidel@krajcik.net,76015 Dedra Union,data_pdf.pdf,South Val,RI,59800-3412,522-715-6892,1979-08-03,nationality:Scots
data_pdf.pdf,lawrence.schaden@will-cummerata.org,Suite 995 2058 Yundt Inlet,data_pdf.pdf,Khalilahburgh,TX,64308,1-487-207-0051,1999-05-20,nationality:Manx
data_pdf.pdf,heike@tillman.name,8580 Kacie Village,data_pdf.pdf,Lake Rupertmouth,NE,55757-2611,226-495-9427,1994-12-06,nationality:Moldovans
data_pdf.pdf,dallas@gulgowski.net,Suite 682 31329 Collins Spur,data_pdf.pdf,Faheybury,NJ,87858-8108,457-844-4881,1985-05-20,nationality:Scots
data_pdf.pdf,garfield.nader@graham.net,61244 Schroeder Neck,data_pdf.pdf,Littelmouth,CT,18642,335-604-7398,1977-01-17,nationality:Namibians
data_pdf.pdf,sarah.schmeler@pollich.net,60152 Kunze Cape,data_pdf.pdf,Port Sena,MO,56991-7148,260-741-9350,1978-08-23,nationality:Finns
data_pdf.pdf,mohammad@stehr.net,2988 Tiffaney Turnpike,data_pdf.pdf,New Kylebury,OH,80028-2346,999-352-6063,1979-11-07,nationality:Guinea-Bissau nationals
data_pdf.pdf,milo@reichert-schultz.com,1856 Josefa Curve,data_pdf.pdf,North John,MD,94446,380-970-3705,1979-03-04,nationality:Liechtensteiners
data_pdf.pdf,sara.bode@watsica-skiles.org,7325 Micheal Pine,data_pdf.pdf,Gleichnerside,OR,48001-6591,655-746-5766,1975-03-28,nationality:Panamanians
data_pdf.pdf,joann@vandervort.name,522 Ankunding Prairie,data_pdf.pdf,Elfriedaburgh,IA,05454-0219,908-754-8167,1983-02-14,nationality:Venezuelans
data_pdf.pdf,porsche@waters-bergstrom.info,Apt. 122 386 Ullrich Views,data_pdf.pdf,Hansenview,CO,72927-3037,564-149-8297,1972-04-08,nationality:Burkinabès
data_pdf.pdf,stewart_strosin@walker.org,Suite 732 5261 Eugenio Village,data_pdf.pdf,North Leah,UT,07274-9881,1-507-397-5064,1988-11-10,nationality:Belgians
data_pdf.pdf,james@pagac.info,9918 Baumbach Track,data_pdf.pdf,Lake Bessside,MO,15122-7264,943-877-2984,1992-04-02,nationality:Australians
data_pdf.pdf,terrell@langworth.io,Apt. 345 47998 Darline Ramp,data_pdf.pdf,MacGyverview,PA,48678-9424,499-698-9327,1983-11-03,nationality:Burkinabès
data_pdf.pdf,carmelina_padberg@moen.net,8508 Clair Flats,data_pdf.pdf,Alicaton,TN,60360,1-111-196-9777,1995-04-19,nationality:Catalans
data_pdf.pdf,leon.goldner@koepp-gerhold.org,612 Bok Islands,data_pdf.pdf,Pfannerstillburgh,PA,18934,364-151-3338,1991-06-25,nationality:Iranians (Persians)
data_pdf.pdf,rubie_carroll@boyle.io,36755 Jenkins Trafficway,data_pdf.pdf,Schimmelside,SC,71062,1-446-788-8704,1974-12-06,nationality:Israelis
data_pdf.pdf,armando@toy-auer.info,Apt. 999 120 Koelpin Knoll,data_pdf.pdf,Ebertshire,GA,50036-2199,1-890-959-8405,1978-12-15,nationality:Icelanders
data_pdf.pdf,garnett_nicolas@upton.com,Apt. 249 71158 Felix Run,data_pdf.pdf,Gleichnerfurt,AR,50364,1-484-805-1946,1994-12-31,nationality:Kazakhs
data_pdf.pdf,denisse_mayer@hermiston.co,Apt. 890 42523 Keeling Court,data_pdf.pdf,Ollieport,CT,27925,231-092-6443,1976-08-01,nationality:Barbadians
data_pdf.pdf,carolyn.rogahn@purdy.co,781 Kimbra Walks,data_pdf.pdf,Arielport,AK,45712-7215,1-386-836-4316,1978-06-29,nationality:Canadians
data_pdf.pdf,keven_gleichner@collier.org,6860 Alfredia Forest,data_pdf.pdf,Lake Lucy,MI,81290-7294,713-374-5538,1995-09-05,nationality:Mongolians
data_pdf.pdf,jessenia@kutch.info,Suite 318 490 Bauch Ridges,data_pdf.pdf,Darlenaburgh,IA,60131-0783,493-798-2110,1995-03-02,nationality:São Tomé and Príncipe
data_pdf.pdf,nina.considine@rogahn.co,Suite 117 7246 Earl Cove,data_pdf.pdf,Gislasonshire,CA,53682,197-363-1263,1983-04-04,nationality:Romanians
data_pdf.pdf,micah_hodkiewicz@heathcote.org,Suite 448 7664 Dusty Ports,data_pdf.pdf,New Demetrius,VT,63882-3476,624-246-5143,1998-04-30,nationality:Tuvaluans
data_pdf.pdf,cyrus_howe@orn.io,512 Ferne Port,data_pdf.pdf,Martinatown,MD,81105-6194,1-676-635-8071,1986-06-14,nationality:Malians
data_pdf.pdf,janelle_kovacek@king-carter.net,10291 Cletus Estates,data_pdf.pdf,South Omerborough,VT,83133,227-398-6222,1972-09-26,nationality:Aromanians
data_pdf.pdf,thad.paucek@rosenbaum-bosco.org,Suite 656 3000 Assunta Hill,data_pdf.pdf,Kemmershire,NV,14950,1-300-650-7728,1983-11-14,nationality:Salvadorans
data_pdf.pdf,byron@konopelski.io,876 Anamaria Isle,data_pdf.pdf,Kareemville,FL,53255,997-819-8552,1990-07-29,nationality:Tobagonians
data_pdf.pdf,brooks@dach-rowe.co,34268 Jenkins Village,data_pdf.pdf,Brakuschester,NC,33348-0640,770-623-0931,1993-09-14,nationality:Filipinos
data_pdf.pdf,mozelle.lebsack@cole.biz,22474 Marin Ways,data_pdf.pdf,Kirlinville,LA,54869,164-856-7682,1993-12-18,nationality:English
data_pdf.pdf,misha_grady@oberbrunner-turcotte.org,Apt. 882 1292 Larson Isle,data_pdf.pdf,Shemikaside,TN,31075,672-319-2305,1974-09-01,nationality:Bretons
